{
  "mean": 0.36378151178359985,
  "std": 0.374027818441391,
  "scale_divisor": 255.0,
  "train_pixel_mean": 0.36378151178359985,
  "train_pixel_std": 0.374027818441391,
  "test_pixel_mean": 0.35814547538757324
}