{
  "mean": 0.3747619092464447,
  "std": 0.394452840089798,
  "scale_divisor": 255.0,
  "train_pixel_mean": 0.3747619092464447,
  "train_pixel_std": 0.394452840089798,
  "test_pixel_mean": 0.36941075325012207
}