{
  "target_recall": 0.9,
  "optimal_threshold": 0.7418069839477539,
  "val_true_positive_rate": 0.9205298013245033,
  "val_false_positive_rate": 0.0
}