{
  "accuracy": 0.9682539682539683,
  "f1_score": 0.9680851063829787
}